id,label,split
1112356848433315842,0,test
1164583383978192898,0,test
1346118360308854786,0,test
1215681376055439361,0,test
1408346579808014337,0,test
886747966387757058,0,test
1206906454872977409,0,test
1054059139343794176,0,test
1313572048074149892,1,test
1184145341463052293,0,test
1073697262969253889,0,test
1080464878459146242,0,test
688058780077010944,0,test
898026999947685888,0,test
1413663981269659652,0,test
1370327884250877953,1,test
1027102209492828160,1,test
1292561825150664707,0,test
1121266493944000512,0,test
975104235976167424,0,test
1336264414773776384,0,test
1349738516033507329,0,test
902181490259263489,0,test
906622276598222848,0,test
806605359196622849,0,test
1117843988474732544,0,test
1404834058471886875,0,test
774989912047321088,1,test
955524798960099329,0,test
1075799690648698880,0,test
836754536958144513,0,test
1312094292240986114,1,test
1409228388091449348,0,test
894596779253149696,1,test
939202928509882368,1,test
960613558450114560,0,test
1003733597579247619,0,test
1343221562867113984,0,test
1269961823677304834,0,test
1005739072558649345,0,test
1415208175754792961,0,test
827954995303677955,0,test
1353350039867969538,0,test
1420440230428127234,0,test
1346418008491700224,0,test
1415716524241866752,0,test
1234505007178797056,0,test
924405393626890245,0,test
703920403857678336,0,test
854422712235831296,1,test
761607423954186240,0,test
1413390135853555713,0,test
1327610171074486274,0,test
631855910529421312,0,test
1076653488510242816,0,test
1290569878420762625,0,test
557568350357057536,0,test
1417155021930745860,0,test
692018879338512384,0,test
1260500049370460160,0,test
1183779613455069184,0,test
1220884579873120257,0,test
1227508500147908611,0,test
1279447229858709504,0,test
1086873677524811776,0,test
1003381128085098496,0,test
1030756384558612481,1,test
847553467522699270,1,test
973946372603998209,0,test
1088847471894192129,0,test
1251127573905575939,0,test
1246713829964251136,0,test
1335879224129941505,0,test
1107678911452930048,0,test
905865930189758466,1,test
1212143487220629505,0,test
768523196215791620,1,test
848911641106198528,0,test
555009532792152064,0,test
1275432449061855232,0,test
1391808889637724161,0,test
940582313024507904,0,test
584781338315661312,0,test
1414915357022859267,0,test
1354533720536047624,0,test
783287628682657792,0,test
1334938263749091334,0,test
1173658110348713987,0,test
1305811794116726790,0,test
907650520298479617,0,test
1405446022931886084,0,test
1278805179870187520,0,test
1335620708035129344,0,test
1054128870255931392,0,test
1181913684223938560,0,test
1379108309521866758,0,test
1328760126866649088,0,test
1186353167996456964,0,test
1312093075309764609,0,test
1091047283896897536,0,test
1409538230077345801,0,test
807676722577543168,0,test
1412333350753243180,1,test
1388147658301349891,0,test
1240295551490576386,0,test
1242164428054953991,0,test
1243494032619307010,0,test
1243695558176444416,1,test
639132698540281856,0,test
925347125755568128,0,test
834567539703287809,1,test
1378379116853006339,0,test
1380532958273097730,0,test
1038019177825497089,1,test
916305777576562693,0,test
1405248437776490503,0,test
881920975977287680,1,test
759877303300087808,0,test
1330176668141543434,0,test
740937013176635393,0,test
1298910761918529536,0,test
1218223502160953350,0,test
1103807854245539840,0,test
1083911685788917760,0,test
1088266158149648389,0,test
1169602578872598529,0,test
1138491620616212482,0,test
842099500533575680,0,test
707060300172943361,0,test
1415304351719911426,0,test
647858863341834240,0,test
1350081706955579392,0,test
1400861606184169478,0,test
1057037768562540544,0,test
1125744651019935744,1,test
1141043117086388224,0,test
1059826693525905409,1,test
577423760396931072,0,test
1408497232362545160,0,test
614474165568073728,0,test
699314702799638528,0,test
1335941389851488256,0,test
1413941687538311185,0,test
1131994880815845376,0,test
1324015435793289218,0,test
1382007483498180611,0,test
1267526748759097357,0,test
998815008392974337,0,test
1333395820272619520,0,test
1382348378386882566,0,test
1282043110776803329,0,test
1187074671990247424,0,test
833678345346879488,0,test
831110030569115648,1,test
1384898001735389186,0,test
1331303547426775040,0,test
781028924855812096,0,test
937638298633326592,0,test
1093570432807157760,0,test
1408444208923426817,1,test
976892956157280256,0,test
1168947057752715264,0,test
1402118173780971523,0,test
1394445295535099905,0,test
1380339657297125379,0,test
1208754312739991553,1,test
591647557513773056,0,test
1403299725324005379,1,test
1211346276832419840,0,test
936901821301374976,1,test
1282628483982610432,0,test
841446119930503168,0,test
720663828988588032,0,test
1355076062175223809,0,test
877167332220702720,0,test
774594024812478465,0,test
1200867199885426688,0,test
1244621172530188290,1,test
812403795145752576,0,test
558313917160497152,0,test
1067482865133338624,0,test
839876522253090816,0,test
889199190752067586,0,test
557129147655659520,0,test
1141763769741250560,0,test
1399633620839534594,0,test
835109032549625861,0,test
1420478490718134278,0,test
1230715830960132098,1,test
1238043746626871297,0,test
1379478748597080083,0,test
1271850517724086272,0,test
812414664646791170,0,test
673894725057912832,0,test
1118576105638834177,0,test
768359227433910273,0,test
791045178916237313,0,test
1352997758601482241,0,test
1269988018502459392,0,test
1405678556529692678,0,test
1171721607665999872,0,test
923478171986681857,0,test
1084876117012549634,0,test
998859725298196480,0,test
1401815713019568129,0,test
926004952769671168,0,test
839217550319812614,1,test
1413592517627588609,0,test
1241508935816839174,0,test
1375097942261043205,1,test
1228609358944182272,1,test
727874510251282432,0,test
1194368069147222021,0,test
912044089050140672,0,test
1270436511121657856,0,test
1229337475107168257,1,test
861561946939719680,0,test
727199565645004800,0,test
706978663632281600,0,test
1420254889268109312,0,test
1048189903975186433,0,test
905241131797155840,0,test
1244672112087961603,1,test
817077086661865473,0,test
1374052961341558789,0,test
1215245734750179328,0,test
618525738854060033,0,test
697902375940419589,0,test
829044881809108992,0,test
1192359057899900929,0,test
596294883347922945,0,test
1369819872163733507,0,test
1382117265777291265,0,test
1371027723586527232,0,test
558388674254372864,0,test
868843512074313731,0,test
1314428447800913921,0,test
649620618082541568,0,test
1402540235297280001,0,test
888447361147699204,0,test
1357371546080215041,0,test
1213980280404553728,0,test
891007140843978752,0,test
942819422443659264,0,test
1117004537867513856,1,test
648602958742048768,0,test
1314866085238386689,0,test
1152584066404966400,0,test
755784293604098049,0,test
876351641259311110,0,test
736172616277463041,0,test
1336295285845319680,0,test
1192895289604091906,0,test
1258372307472445441,0,test
1136368374789939203,0,test
558805300430798848,0,test
883039024608399360,0,test
943318656506834944,1,test
564146090690088961,0,test
1393663846028619779,0,test
1345315687552708608,0,test
1382656582752800770,0,test
1407490036933693444,0,test
899800245630009345,0,test
1419214374426845185,0,test
1118606006362226689,0,test
1103807069738725377,0,test
960287725139255296,0,test
1261719639148683264,0,test
1075489557183913985,0,test
1306160795051458560,0,test
1362683717622366210,0,test
1371410657350975489,0,test
892175296329388033,0,test
1383294773457420293,0,test
1146193222454140928,1,test
1030111320123867136,0,test
894284502008291328,0,test
1146165601670520832,0,test
1332156205154897920,0,test
775065170573987840,1,test
1012410446211702784,0,test
1353396310897004544,0,test
865999906955304960,0,test
1393305451807264772,0,test
1275858315939966976,0,test
676775367034687488,0,test
1356967113487974408,0,test
989250849460367361,0,test
1398995309968117763,0,test
1386506330052173825,0,test
977580146944290821,0,test
1327751873005228032,0,test
1138422339631243265,0,test
1118840974430617601,0,test
776143207830814720,0,test
806652038243303424,0,test
1338630615348994048,0,test
1174115832361734144,0,test
1383357997200461827,1,test
1404456134245851136,0,test
1113027434180472838,0,test
1235955792953696259,0,test
1281236478371090434,0,test
1261401330100428800,0,test
1102572677284462592,0,test
659461700144377856,1,test
748972755136212993,0,test
989141324539613185,0,test
770781179561730049,0,test
1350145391866556420,0,test
1383397223568867328,0,test
1033730716855619585,0,test
1302349423310233600,0,test
1351890021343784964,0,test
922371461490397184,0,test
1063789557873668097,0,test
1301544708997603331,1,test
928364443863519232,0,test
1418311926510145538,0,test
1020660134249484294,0,test
1118602361562382336,0,test
1275077277181595649,0,test
756143965330636800,0,test
1414609379534512128,0,test
1221791325084766208,0,test
1104839031333048321,0,test
1326343992309653505,0,test
1316948625084325888,0,test
717832273618292736,0,test
1417412018789928988,0,test
1130154543453544449,0,test
1194303493529645056,0,test
1372235658698354695,0,test
1266804726227705863,0,test
1243911684965703683,0,test
1420688360402784258,0,test
1246485460588941314,0,test
1300597678150164480,0,test
1182732886958583810,0,test
621086632582737920,0,test
822099835973234688,0,test
1214135181629689856,1,test
648380532678623232,0,test
1414662381788090370,0,test
1181915700027428865,0,test
1159147566669471745,0,test
575654697341681665,0,test
722124938258333696,0,test
1415246128644231170,0,test
722547915860873216,0,test
884422502981697538,0,test
1350035015615315968,1,test
823293879931768832,0,test
813424407645458433,0,test
1238513710114787329,0,test
1401618275121905664,0,test
1303434984691322881,0,test
1052879321155719168,0,test
1240416103756636160,0,test
951521851943112706,0,test
1386655139788959749,0,test
1380247595864489990,0,test
1353172086794162180,0,test
1326747790169370624,0,test
648975635797405696,0,test
895689999307464705,0,test
799777466856460288,0,test
846312645435281409,0,test
582530643201953792,1,test
1067479827018588160,0,test
1362465430623911937,0,test
1121016353178226688,0,test
1114985369773182978,0,test
1232261201960275973,0,test
808068226466910208,0,test
1379804484164055046,0,test
1210604019531411456,0,test
1394288849854078981,0,test
1349859371019333632,0,test
1413376184243703809,0,test
1418995246210367496,0,test
876772884886298625,1,test
796765676832694278,1,test
934036049264771072,1,test
1085193986690605059,1,test
857396304133095424,0,test
725088028113428480,1,test
1142115541932552194,0,test
1414958902567964675,0,test
807675997785116672,0,test
1319676464539680768,0,test
1300894358628192256,0,test
1303302062592217088,1,test
887720168033583104,0,test
697751945138802690,0,test
1134058655735832576,1,test
1266468025768775682,0,test
1075075774074499072,0,test
740061878727155712,0,test
1318105648123576325,0,test
1253398546906263552,0,test
1244657796785766406,1,test
1049817009100226560,1,test
1073654083800719360,0,test
1394568643812409344,0,test
657499222263119872,0,test
1135184374612127744,1,test
733335597507579904,0,test
1027959675139055623,0,test
1394864465607278596,0,test
1090308913176764416,0,test
1400742129165606914,0,test
974234108460175360,0,test
1200403361029337088,0,test
1389552135742894083,1,test
1402768912341737472,0,test
1152204776639098880,0,test
916589775435587584,1,test
949057485742231552,0,test
1414365252251226112,0,test
1058336077663141888,0,test
1254761059740762114,1,test
826759452523163648,0,test
1268003619686748160,0,test
1295331035325042690,0,test
1244670739254579200,0,test
1052900686772482048,1,test
1297207788469395458,0,test
836959749535064066,0,test
1359580896773439498,0,test
686739538136412160,1,test
1391777460228919300,0,test
922321686795571200,0,test
1194309185858609152,0,test
857416697380315136,0,test
869348729702285312,0,test
1076897767480381440,0,test
1036124191508971520,0,test
1280812796247228417,0,test
817736889415462912,0,test
1296082074127007745,0,test
743600489019777025,0,test
1395835566181208064,0,test
1079664349449519104,0,test
912634360951660544,0,test
810928901232984064,1,test
820058142868467712,0,test
1323850152998785029,0,test
714577463838437378,0,test
827441593720377344,1,test
876622897959362560,0,test
1068638434959478790,1,test
767390943737630720,1,test
927207258232119296,0,test
1398972514039177216,0,test
649689284794945536,0,test
680522351868432385,0,test
1410675393577816066,0,test
1003372694300168192,0,test
612040813195821056,0,test
1139252631363379201,0,test
1340720538629664769,0,test
1406838683894943746,0,test
1358565569562365953,0,test
885903105858174978,0,test
989189431327371264,1,test
677327662977671168,1,test
1074410303352381441,0,test
1213127882601615364,0,test
1229469849782509570,1,test
1069415127114493953,0,test
1366936540073574402,0,test
1317496118838702080,0,test
713127290612293632,0,test
789105517532581888,0,test
1260231079702802436,0,test
1200406131354603520,0,test
835199831622680577,0,test
1156972909107253250,0,test
1411845917653622784,1,test
1391316378129403909,0,test
1238285566426247168,0,test
880897959147311106,1,test
1049838028825513989,0,test
950620215066398720,0,test
770630695886741504,1,test
557158591044780032,0,test
1138850653458051072,0,test
776547126197231617,0,test
1217637963946852352,0,test
1205186095325073410,0,test
849518298949615617,0,test
1105769735373885440,0,test
1134197335771287553,0,test
1387049097622802435,1,test
629579531809091584,0,test
840150032108081152,0,test
571324379314962432,0,test
1328647896313573376,0,test
1404175520422580225,0,test
834059649456410624,0,test
1409305611481714695,0,test
1101086504997306368,0,test
1288926941182124032,0,test
627250095184973824,0,test
1360160654393569281,1,test
1254043586007621633,0,test
1380425327743266817,0,test
934142501140787200,1,test
1010207401868488706,1,test
1370693240173817857,0,test
939452283686916097,0,test
850956602970648578,0,test
955989802586816512,0,test
1409965396862590977,0,test
837693305248968704,0,test
1056627363155505157,0,test
1252244662397669376,0,test
1138877998231445504,1,test
863877191611887616,0,test
1332085334251876358,1,test
674274128241827841,0,test
1172497671518658561,0,test
1412155585680793600,0,test
1283989631445413890,0,test
855883231899549697,0,test
1068650298472841216,0,test
705376537659490306,0,test
1280893982143393794,1,test
1038562824933531649,0,test
1186675755914280960,0,test
1282801580010594305,0,test
899936519678570496,0,test
1400205780876333057,1,test
972251307053584387,0,test
1295071279918256128,0,test
825375349550759938,0,test
952636314716958720,0,test
1404853276365918210,0,test
623975743974838272,1,test
704378195626336257,0,test
1336782134258921474,0,test
960079001925582848,0,test
1119285235986964480,0,test
584011530154463233,0,test
1118879485355548672,0,test
765407770162110464,0,test
1151185438457118721,0,test
1321233192649740289,0,test
1262188666602041344,0,test
1268097914972364802,0,test
880984411625357312,1,test
1359708481180360705,0,test
1274369045521854465,0,test
798341799127502848,0,test
1314932883187007489,0,test
1294660898297204736,0,test
1244739382302646274,0,test
864840371200708608,0,test
1179862987252928516,0,test
1090542404598484993,0,test
879423358559019012,1,test
1312093547894583298,1,test
668874109045067777,0,test
606821497664086017,0,test
1010195306951032832,0,test
1012407599088721920,0,test
560037197978812416,0,test
884276866068205568,0,test
1255694953218539520,0,test
983598417761984513,0,test
1141802806724218881,0,test
1271143158190092289,0,test
1143160095255252992,1,test
643823154696204289,0,test
1332788963770322948,0,test
788738390166495232,0,test
1062041594495414279,0,test
1025741507599523840,0,test
1148015291445796865,0,test
1360938593372504065,0,test
695145946238287872,0,test
1118921466601451521,0,test
841998863821082630,0,test
1411410621975908359,1,test
1072231319827038208,0,test
1186472213358116864,0,test
1311371297734221825,0,test
834567525065187328,1,test
1091431140534177792,0,test
1420035253922578437,0,test
1318965936985178113,0,test
1227321863963107328,0,test
1247564553451442178,0,test
1322333577221185537,0,test
1354897076866441228,0,test
1025028819902754816,0,test
902709750307188736,0,test
727952044393385990,0,test
1280803847720652801,0,test
1139058001992716288,0,test
766023285050073088,0,test
1272614088770818050,0,test
1282303639193821185,1,test
1333446150809153538,0,test
1231517159714643968,1,test
1328325168255602689,0,test
1388313093873229826,0,test
1167297629731971073,0,test
891705451775229953,0,test
1022855260434583552,0,test
1312511722733805568,0,test
909614424612331520,0,test
1244564874325299200,1,test
1192389274110496774,1,test
1319735639210852353,0,test
1420903445167411207,0,test
750538797285269505,0,test
1412766067693391874,0,test
770386179325734912,1,test
699926581045813249,0,test
995026283682828299,0,test
1412704513270616064,0,test
1203300901869498368,0,test
1300951168609386496,0,test
929001242336137216,0,test
1299493466775465985,1,test
814631443527770112,0,test
1037365865841414144,0,test
1352808394567127042,0,test
1412783542527004673,0,test
1000037585358499840,0,test
677269646030974977,1,test
1097219143915450369,0,test
1414538338258796545,0,test
1409616049390112773,0,test
949630481187987456,0,test
582916943616851968,1,test
1385611946540548096,0,test
1073353944624185345,0,test
1039465187387035648,0,test
888296198380990464,0,test
1128983230668070912,0,test
1348241401151164416,0,test
1103370067369226240,0,test
1065682102501470208,1,test
899967310273798145,0,test
1327647754575810561,0,test
931791846803689472,0,test
1238556654477737989,0,test
1310709297471541254,0,test
1074410719083421698,1,test
1218833109166231553,0,test
1408227392787787780,0,test
978515195214618624,0,test
1415162693149892615,1,test
1346263739742482433,1,test
1360632422619037697,0,test
944907760000536576,0,test
934103190538252289,1,test
932107928416538625,0,test
796741806507589633,0,test
847149168766455808,0,test
914385523652923392,0,test
1345743972728238082,0,test
1393529065160777729,0,test
1239569440225796105,0,test
1396105343021862918,0,test
768536269756456960,1,test
1100464427319603203,0,test
979696472391380992,0,test
989886242320994305,1,test
1362402875721330693,0,test
1235654026689015808,1,test
975104055411462145,0,test
596610350189027329,0,test
1336656302366461953,1,test
1261276351618781189,0,test
940256787395219456,0,test
1311997959874187265,1,test
925850233191456769,0,test
1388972580414107652,0,test
627342143707725824,0,test
1352656397381611521,1,test
1156256496822472705,0,test
722058991854030850,0,test
809858585563922433,0,test
1328205666687836160,0,test
936721996603449344,0,test
1418998676194738184,1,test
1360905211645202434,0,test
773224716568039424,1,test
1085918823600062467,0,test
1407429556684967939,0,test
1139216860560404481,1,test
936973483518627841,1,test
1011639374788866048,0,test
770069612947996672,0,test
991594594835058688,0,test
753630944674938880,0,test
1246782722909114375,0,test
636212105960685568,0,test
1422120445822779394,0,test
955592342177755136,0,test
1131258881999613953,0,test
776063786205712388,0,test
1403243147644264448,0,test
810098736756092929,1,test
746353670607015936,0,test
1177108084059189248,0,test
1240436293093322752,0,test
1096949061607923714,0,test
1407599429180399619,0,test
1130367877645787136,1,test
1321191794940497923,0,test
748972762761396224,0,test
1239205441218981888,1,test
1353540458773966848,0,test
1404439042037530625,1,test
1196438448938336257,1,test
1268901282414235653,0,test
558374791758245888,0,test
842722405365809152,0,test
1397457733524279298,0,test
954666554997792770,0,test
721416102354419712,0,test
925828773076979712,0,test
973581050432622593,1,test
1008399506608721920,0,test
1306630261183045633,0,test
1415078658042171392,0,test
826938715356422145,0,test
786999355685429248,0,test
1017525995576971264,0,test
1095426134546808832,0,test
1366964505641709572,0,test
1113381305079742465,0,test
921047001986318336,0,test
763378955168673793,0,test
1372677609683705856,0,test
989597306814189568,0,test
938763184718209025,0,test
1193186203421597697,0,test
789762083789287424,0,test
829393891627528192,0,test
1100900246740234240,0,test
1410987245918687237,0,test
1419968941812850704,0,test
1230896244693852160,0,test
1165967750004715520,0,test
1308801028108824579,0,test
1044746877135147008,0,test
1414296259263967237,0,test
1203429794869850123,0,test
1089953301301551106,1,test
1263217481595879425,0,test
1163886690886275074,0,test
1043221759963684865,1,test
1352565063790587908,1,test
847199400787087360,0,test
974691382651707394,0,test
769557802243256320,0,test
863923459134455808,1,test
663901768577863680,0,test
1352216441429360640,0,test
835595665799524352,0,test
1318168718208339969,1,test
1035658128254279685,0,test
1028666443766947840,1,test
1163421327031775232,0,test
854323054473818112,0,test
866366208454434816,0,test
1336021078271987716,0,test
756146508651700228,0,test
1268358985566105601,0,test
1387735862205689857,0,test
1204086788777795585,0,test
1346528526653149184,0,test
1274100121580511232,0,test
1316020120150441989,0,test
1134801365379768320,1,test
933730106895470592,0,test
1300820385340956672,0,test
563056268735422468,0,test
1400262043920388097,0,test
1200432434464067585,0,test
1336065062256189442,0,test
940499064231251968,0,test
871057750079422464,0,test
1266614251948584960,0,test
838675260828450816,0,test
1374227876036235265,0,test
1387312987086761984,0,test
1308802485662908419,1,test
1032234498639974400,0,test
840660254945861632,0,test
980627688791707648,0,test
799678052926038016,0,test
1305769305431322625,0,test
562041545948663808,1,test
1328759506550054913,1,test
1341895478062022663,0,test
1155827602394963968,0,test
1401000024092426241,0,test
1235750566535536640,0,test
1044941181002690560,0,test
1414295650276188162,0,test
1017590421852024832,1,test
988837918809645056,0,test
678628094085697536,1,test
1406218790703185923,0,test
903510603523690496,0,test
1243958092884332545,0,test
1235505679236034566,0,test
1055569037021855744,0,test
896191564535533568,1,test
1288867914335031297,0,test
1329378564618194944,0,test
1379138046252224512,0,test
1421217707693953025,0,test
1194301327884447744,0,test
1118609834650345472,0,test
1313827040597024768,1,test
637802532581081088,0,test
740217382552113152,0,test
1252335697115131904,1,test
1419544793173090305,0,test
1168587743913500672,0,test
892572939601797120,0,test
889888209198473216,0,test
1362778969095868420,1,test
834913529186627585,1,test
1271837594595332100,0,test
1041197941644513281,0,test
1404575964311343107,0,test
1421908243572563968,0,test
716322964786941952,0,test
1413581655319752711,0,test
1181562305026433027,0,test
1192416537774379009,1,test
711517136125042689,0,test
674009964537634817,1,test
960980368466808833,0,test
738772067017883648,0,test
556470419591798784,0,test
950042107183599616,0,test
1382238827658493953,0,test
1395287779463122946,0,test
965446292280193024,0,test
1420757010052653063,0,test
565649504196919296,1,test
928260360322379776,0,test
642341497342459904,1,test
1043093141933514752,0,test
716424879894106112,0,test
1397119066754670595,0,test
1374053071601479680,0,test
1420877197276061699,0,test
879128550904823808,0,test
1258414901636280320,0,test
834807595953172481,1,test
8.97617E+17,0,test
615643522968850432,0,test
1348809643724828678,0,test
1306262253189189634,0,test
790595393109184513,1,test
995941557156175872,0,test
813928619101876224,0,test
1085628233427623942,0,test
1344258010533793792,1,test
1200446197175070720,0,test
894347861235781634,1,test
1373928863961600002,0,test
1047207030476427266,0,test
827623055186919425,0,test
1405885561114710017,0,test
1397735666016948225,0,test
1324411864177139712,1,test
1336076546772246528,0,test
1420624837828096001,0,test
821826484159598596,0,test
1074575900342140928,1,test
940976875794518016,0,test
809714853199970304,1,test
950390071416446976,0,test
1305771248010629121,0,test
1192135840903790592,0,test
1405474677791809536,0,test
1238558349660127233,0,test
656045088032862209,0,test
872477393176363008,0,test
877267286419275777,1,test
1240534415186382848,1,test
872780838601150464,1,test
943750965043318784,0,test
1288777739219148801,0,test
1053039216677007360,0,test
721046342718468096,0,test
755747737749127169,0,test
920658682605719552,0,test
1374406343554002947,0,test
1389100445818253312,0,test
1408499308572336129,1,test
1257831778485596160,0,test
573153953497546752,0,test
672203432921550848,0,test
831653538338107394,0,test
1421903880414187520,0,test
1346142732427931651,0,test
1419083147841572869,0,test
923686178586615808,0,test
1045293530179149827,0,test
1352501257408106496,0,test
1048503452752650242,0,test
1345717288280993796,0,test
1186257054001967104,0,test
830030310310019073,0,test
1242407894990983168,0,test
1245003165239566337,0,test
690615467250049025,0,test
778747072342134784,0,test
606923862605860864,0,test
1417779532006887429,0,test
1376580956388126722,0,test
1363969063601516544,0,test
840200718334197761,0,test
1224353324960505864,0,test
1271088132054822917,0,test
1403333984721977347,0,test
1368984864452657154,0,test
1299459831632404482,0,test
1047450829895225344,0,test
1041682418200133632,0,test
1089946369253691395,0,test
570128539485208578,0,test
1327752121542979586,0,test
1239508245238161411,0,test
1354536400172048384,0,test
1321090904338345984,0,test
819226828107812864,0,test
1299706426521251841,0,test
1346036681649115137,0,test
661643703539208193,0,test
1345153038315626499,0,test
1414711428561481733,0,test
1267719183376224257,0,test
1410168497657819143,0,test
1061366359450361857,0,test
641707422055309312,1,test
1271069342948622336,0,test
1313897542489440256,0,test
1272921946028728320,0,test
1409956833184333825,0,test
783740290968367104,1,test
1420688329813774340,0,test
1128969944291581952,1,test
1361524048853835780,0,test
1376798939672944640,0,test
1010875697815080960,0,test
808358857009401856,0,test
574966595631640576,0,test
925841451254206466,0,test
907873187999993856,1,test
1381651326740922378,0,test
1127297449448607744,0,test
1333981080337088512,0,test
837223849917829120,0,test
1339501155882299393,0,test
1371519777668227081,0,test
614500400792776705,0,test
1392950820031827971,0,test
1420683654934716416,0,test
1267848810413293568,0,test
838037826793058304,0,test
828074699296997377,0,test
695660858014371840,0,test
767730569740447744,1,test
630450537427791872,0,test
1149906557729038337,1,test
1099804717058797570,0,test
1258194454378356738,0,test
985138915223973889,0,test
1346392670621626369,0,test
954081301753196545,1,test
1214307387588456451,0,test
773257428787990528,0,test
870970703943790592,0,test
999689870275764229,0,test
1371153798488494085,0,test
1218251757140299777,0,test
766671952836648960,0,test
846285940398194694,0,test
1413366723286347776,0,test
1228741133704056832,0,test
1199373642867576832,1,test
1392708997640228865,0,test
716633423301910528,0,test
877294080828551170,0,test
1305455766896173058,1,test
1381697440273858572,0,test
1271824281677242369,0,test
679388679211642881,1,test
1032341220381663235,0,test
988848504582889475,1,test
1399997863942365185,0,test
1265447371946811392,0,test
839148033724014592,0,test
1325346311978147840,0,test
1090859661258039296,0,test
985137288161234945,0,test
1267914762865819648,0,test
1204066153460580359,0,test
1005182202609618944,1,test
1137609928825364485,1,test
1360307660973768706,0,test
1199680658890727425,0,test
995167119473037312,0,test
1352664235122241538,0,test
1399624880073621505,0,test
1056924636951257094,0,test
1348979793774182402,0,test
1100441530454720512,0,test
1410329668838998018,0,test
1319578314231717888,0,test
1019322781668990976,0,test
1288431674582347782,0,test
1410144076905816064,0,test
784094876388425730,0,test
1075141033053249536,1,test
810207662130548737,0,test
1357259732118085633,0,test
1362430354439700481,0,test
1395764926929592322,0,test
762016886540406785,1,test
868916064503181312,0,test
1249635034195247104,0,test
1203597489267458048,0,test
1399833515462737921,0,test
1309881801427558400,0,test
1083346614159372290,0,test
746338092794142721,0,test
903709009189982211,0,test
1290651375676919809,0,test
925942809026285569,0,test
1319676679573409792,0,test
1379691987574607873,0,test
1174371277546672129,0,test
1329587564085469187,0,test
1354080186111823879,0,test
917537343120265216,0,test
1137276543250640897,0,test
1147109162188513280,0,test
910977639422316544,1,test
905716654738460672,0,test
1194302586393903104,1,test
610639238304956416,0,test
1110528163522723840,0,test
1299673144488275968,0,test
673643810581315584,1,test
1237374512171290625,0,test
1412363234615627776,0,test
937002025967144960,0,test
1248259242340929536,0,test
919715216748933120,0,test
8.37407E+17,0,test
699899973052297217,0,test
1406986001742970883,0,test
611954836985110528,0,test
796201105591910401,0,test
1184487868359684096,0,test
1036214465165840384,1,test
918134910166208512,1,test
1366641981678620672,0,test
1353856047073648642,0,test
1017138492625780736,0,test
968701332252168197,0,test
621703154862845952,1,test
1319310655615356929,0,test
1170288064981110784,0,test
1336305489970405376,1,test
1273313781096108033,0,test
1113884437912129537,0,test
817836899729604608,0,test
1398025357140262916,0,test
1045331815748300800,0,test
968132467373821953,0,test
599402078956593152,0,test
1385791826142109708,0,test
1392900889854320647,0,test
1125832601489551362,1,test
1174745472679972866,0,test
893408110131507200,1,test
1263424297919557642,1,test
1234737655608463360,0,test
1372511338606514176,0,test
978638532473434112,0,test
1357853198661390339,0,test
1322148347151491073,0,test
1199025630022492161,0,test
831505650450624514,0,test
1420677527660597250,0,test
1181615541712297984,0,test
936611346975805440,0,test
1285183389855707136,0,test
753374149821751296,0,test
1057636843934560256,0,test
1420867654848417792,0,test
718948088195325952,0,test
788064212513873920,0,test
1329066347721084928,1,test
1413786051060109313,1,test
950741220124438528,0,test
1410136885842821120,1,test
1415338712200790031,0,test
1409783649701142528,0,test
1349489294654779398,0,test
1241165360012951558,0,test
1023219966349385729,0,test
1282726008517517315,0,test
1399209732418768897,0,test
1162031720050434048,0,test
1367043538937118720,0,test
1287091161526665218,0,test
1372483281162211328,1,test
854816376866951169,0,test
1215577873827930112,0,test
1404486614362034181,0,test
1352637906620469248,1,test
1039453540148764672,0,test
1036320989305602048,0,test
692088512561201152,0,test
882149738535149568,0,test
1162800265856241664,0,test
1165359689141497856,0,test
585883213022670848,0,test
641245288645025792,1,test
1249846761847431172,0,test
1421057259015077891,0,test
1370129635267203072,0,test
1072117884082708481,0,test
1386476123802984456,0,test
1203373800072593408,0,test
1320815812450672640,0,test
937773641323991046,1,test
735464867801497600,0,test
1001096477677060098,1,test
1002626308373958656,1,test
1197271684006453248,0,test
1168561804647292928,0,test
1237032018740944899,0,test
1265976192009744384,0,test
1186575278857957376,0,test
844944485343748096,0,test
1155955485259886603,0,test
973947781135130629,1,test
1354871686391353348,0,test
1367772655609380866,0,test
968252166623383552,1,test
1312456215591440384,0,test
1337083442283094016,1,test
641617313133891585,0,test
1088155119106121728,0,test
966847430951096320,0,test
1066317131866886145,0,test
1086334129434775552,0,test
601839833930043392,0,test
1311379308498173953,0,test
1414706624644669442,0,test
1409613473923936257,0,test
609065504125382656,0,test
1349353431371280384,0,test
1345867904429010951,0,test
1106319227827441664,0,test
992886513770942464,0,test
1058207254145572865,0,test
1385793151730868226,0,test
636225434938576896,0,test
768844715701698560,1,test
1418686672913453061,0,test
1043962624302551040,0,test
1035152380722118656,0,test
1030592888017702912,0,test
818389803439980545,0,test
969221599261024256,0,test
1422259121928261634,0,test
1286994624960061441,0,test
1148634744168624129,0,test
1313455489347473410,1,test
1316230110790520832,0,test
673177772580319232,1,test
1167120026631135233,0,test
1356394306127290369,0,test
1130176883579117568,0,test
799412000472395776,1,test
870585548661981186,0,test
1417024046106034176,0,test
1163831332289560578,0,test
1005169611971710976,1,test
1411020250481672195,0,test
1016954727957966848,0,test
859671010177671170,0,test
1380485602295099399,0,test
1372568222269124612,0,test
1301181081048289280,0,test
1249282010297913344,0,test
991306675037638656,0,test
782612494485430272,0,test
1098935143786516481,0,test
1231277841884553216,0,test
735528703074111490,0,test
1240699943318249473,0,test
1324104886234001413,0,test
1222291444574097409,0,test
750334097214607360,0,test
1267530204228042752,0,test
1166099458846863362,0,test
912685867273265152,1,test
1393445460048846850,0,test
896198497254465536,1,test
817841237113864193,0,test
1250445269805740033,0,test
1406625421089816580,0,test
1320416399647440898,0,test
1340348556167811072,0,test
1414346436494249985,1,test
724449988613300224,0,test
1397724895904243715,0,test
636210347448344577,0,test
1047197774842929152,0,test
1200404510528524288,0,test
827643403005521920,0,test
889512329058156544,0,test
1260856750540050433,0,test
1250122657812676612,0,test
1219336949992972289,0,test
1260112902050197506,0,test
1179605371582844929,0,test
996681269856567296,0,test
962921724424617984,0,test
578218420472164352,0,test
1388600948247908353,0,test
1320883997896048641,0,test
774594033897377792,0,test
1304038308926939138,0,test
559533647435296768,0,test
973674891152187394,0,test
1171756375069855752,0,test
928825532422033408,0,test
712679685939937281,0,test
594777126831661056,0,test
877947168417390594,0,test
1417409812372021248,0,test
586502703481663488,0,test
553146556841725952,0,test
662028794442723328,0,test
1193963261420589064,0,test
719938170310119424,0,test
1004678640389353472,0,test
684052626036494336,1,test
1275124737086291974,0,test
996813922639536135,0,test
673004635930689537,0,test
746412524719923200,0,test
1027299184943226880,0,test
880167470421749762,0,test
1040490814919634944,0,test
1230139192363102209,1,test
668777733103710209,0,test
1275552453321203712,0,test
1221591065364516864,0,test
858833070669139970,1,test
1369682369989476352,0,test
1421904974460723201,0,test
1081653413723684864,0,test
955730796333105153,0,test
1362054221407916034,0,test
725089746716774400,0,test
563020018632650752,1,test
1103434703766458371,0,test
1414223277204119552,1,test
1203875494640390145,0,test
1403042200536158215,1,test
965602887631015938,0,test
1328758912561057795,1,test
860522347215945729,1,test
903634058340687872,0,test
1358488153456332809,0,test
1293344848477589511,0,test
1305410157564788738,0,test
1067187196782882822,0,test
607610825948430338,0,test
986979971787907073,0,test
1324089581206208513,0,test
554727042936475648,0,test
1113041603478896640,0,test
1415333762792046595,0,test
997906577762979841,0,test
1400524859403288577,0,test
1274626722718154752,0,test
785192406174097408,0,test
695043097667969024,1,test
1116330871307501568,0,test
1222588809319264257,0,test
1150012277237719040,0,test
1410853511449956353,0,test
1155216758619430917,0,test
1017468778643369984,1,test
1336362939788500996,0,test
829072359244066816,0,test
1356990803265085444,0,test
950447457216888833,0,test
729734955744395265,0,test
954122649654972417,0,test
674761761728368643,0,test
1.26092E+18,0,test
1179094099917463552,0,test
1035623081128157184,0,test
913788188950454272,1,test
1243837999726694406,0,test
1409552255842500615,0,test
830920087578300417,0,test
1323428432030695424,0,test
1406588039040806912,0,test
876087300890951685,0,test
1372636174309863432,1,test
914237863415435264,0,test
1313035591374852096,0,test
1161562096812855296,0,test
689839081199648768,0,test
1065309743948935169,1,test
1383496709972455430,0,test
1039278745784397824,0,test
887628760371138564,0,test
1246855357588213763,0,test
956526345005117440,0,test
1008816639754858496,0,test
1099121559376138241,0,test
1420439958607867909,0,test
721403163497119744,0,test
1294372623305056257,0,test
934124147659235328,0,test
931437778751180800,1,test
1313094418912743426,1,test
1158446879102758913,0,test
1367202940985999370,0,test
1328749340475711488,0,test
859086380483399684,0,test
1412071549918711812,0,test
1012005766105063424,0,test
838927017282240512,1,test
1178689366396473352,0,test
669278415208521729,0,test
1344282145108484096,1,test
919508428405567488,0,test
1099698675796844545,0,test
1409234616649719811,0,test
1257374476569845762,0,test
1402981974961180672,0,test
616634328668200960,0,test
998790724987613184,0,test
1095986727397793792,1,test
821472519635009537,0,test
1279446561466900480,0,test
1410560744379269120,0,test
1008741361007415296,0,test
1331705177372565504,0,test
730805981119184896,1,test
906955941463064579,0,test
1405142408065601536,0,test
1164598551697068032,0,test
1310161476678594560,0,test
565533283119673345,0,test
656884286407188480,0,test
1039591327967662088,1,test
654832815880695808,0,test
767390726573334528,0,test
834050665009836032,0,test
771943462023421952,0,test
858702941343154176,1,test
1267876024999645184,0,test
861591316911710208,1,test
892084240401170432,0,test
919537795382894592,0,test
1414238642726445060,0,test
1320778973123661824,0,test
847584597177061376,0,test
1130342055975292928,0,test
936655329357594624,0,test
1234552688274296832,1,test
1393357434341756928,0,test
1269986177513410560,0,test
976945050834874374,0,test
1383872753313280013,0,test
1005020728893362176,0,test
1413072396815409156,0,test
1179689710316408832,0,test
661642632829861888,0,test
986665800806346754,1,test
1346263067357827075,1,test
1235276183597707265,0,test
1177038537868369920,0,test
1251991338922409987,0,test
1375577763831287808,0,test
1175786378488991747,0,test
679752063723696128,1,test
1266749669532741633,0,test
830531689600393216,0,test
1287055813954199552,0,test
557603131001819136,0,test
925942120921251840,0,test
1254694088621899776,0,test
1316731526487445511,1,test
1398694258543054849,0,test
1422524116452663296,0,test
1311639231840817152,1,test
1085485076866125825,0,test
794883187667243008,0,test
1241864366187786241,0,test
1359970109813624836,0,test
1387094936680648705,0,test
880658133089210368,0,test
895298461561737216,0,test
962460632359501824,0,test
882331972424671236,0,test
979310671740506112,0,test
881088983111004161,0,test
954662344818216960,0,test
1304800544788283392,0,test
1379112256600956928,0,test
830202063279755264,0,test
968570401839374337,0,test
676381318133981188,0,test
1356298426300985345,0,test
1309048043874942976,0,test
844658362453180420,0,test
1262684454465744898,0,test
1343215723385155586,0,test
1366699752931418114,0,test
949001062161309696,0,test
992861785748393985,0,test
1306604617325780993,0,test
1377626647227158538,0,test
910920036822470656,0,test
1393776665357078529,0,test
921449622689558528,0,test
1131606275152896005,0,test
1418947518965112840,0,test
1399907837250244610,0,test
1050211048727437312,0,test
1329103035096817670,1,test
930615338860937216,0,test
1393416749312270339,0,test
1421900206543720450,0,test
1277659634980007939,0,test
1245049310158487553,0,test
1053920212305743872,0,test
1385622523103043587,0,test
1182761481156345856,0,test
1358884003911241731,0,test
1369688322872926215,0,test
890774992597602304,0,test
1418201938701651970,0,test
747471877673652225,0,test
774736258845274112,0,test
1248651331671228422,0,test
1288580887932817409,0,test
880416804769759234,0,test
1259024897608691712,0,test
605707297030086657,0,test
1299005459047817216,0,test
749639951139102720,0,test
1313261371971137536,0,test
1268138251870785536,0,test
1065006135831392259,1,test
1044104227755196416,0,test
1173568268247982082,0,test
688831125301538817,0,test
1368935112491085825,0,test
1421704081823997957,1,test
1417557298382360577,0,test
1352824213950898176,0,test
1270301368755068928,0,test
1417440694533300231,0,test
1360318441195003905,0,test
1356738445293608960,0,test
1188863510018699264,0,test
1057599802295377920,0,test
1099786373207375877,1,test
848454184034856960,0,test
1243249864361881600,0,test
1160983038374887425,0,test
1163555472273809409,0,test
885555804207710208,0,test
584445118788186112,0,test
916901571073658881,0,test
1370067043224064003,0,test
1333791818354368513,1,test
1303507009350889473,1,test
1295745703420080128,0,test
1395489860560068613,0,test
737961356352163840,0,test
1282758467426627584,0,test
1291376388612620288,0,test
617530582482984960,0,test
1046666282488287232,0,test
1319306615028387842,0,test
1344353308358529024,0,test
1297920307362181120,0,test
656018059740581889,0,test
1200323600055775234,0,test
1408514668080111616,0,test
1301864984121663489,0,test
1256509357618941953,0,test
1052590383606190080,1,test
1407452199442071555,0,test
1373733470153891842,0,test
1211682799159255040,1,test
1014583075391537152,0,test
1265335290207576069,0,test
908361746628390912,0,test
1240359037516025858,0,test
1409239361057591303,0,test
732651108213096448,1,test
960265343456481280,0,test
1351697130306609152,0,test
648373349190533120,0,test
1315623577232826369,0,test
1234122625904971777,0,test
1392159193352839170,0,test
1108486135288877056,0,test
1392924344515502086,0,test
830192635264524289,0,test
1377121912585789441,0,test
814141265780625408,0,test
1378004099732549636,0,test
943126744722296832,1,test
867727696117321730,0,test
1370085991990579200,0,test
1406158428603666434,0,test
1295420490371170304,0,test
936244495741366272,0,test
1359817739498569728,0,test
1388987764461473796,0,test
921400339273744384,0,test
1019910910708715520,1,test
800363271576489984,1,test
1373731878176497664,0,test
1296894040605065216,0,test
1172966928366878725,0,test
922372822009294848,0,test
1142215879872122881,0,test
602910194146807808,0,test
1255460757904515073,0,test
992702400942231552,0,test
1054937919289470977,0,test
615904474482221056,0,test
1405987034666356736,0,test
960260487878410241,0,test
1265342919667580928,0,test
1280145649686773761,0,test
1386943229690617862,0,test
973275499924373504,0,test
1260952647634505730,0,test
1395288219047153664,0,test
1179785353433092096,0,test
1394193246696378369,0,test
1308056128627134464,1,test
1111218781525819392,0,test
1409651222504640513,0,test
1402575505686249480,0,test
683066333613821952,0,test
1329091381453746184,1,test
1338411025264160768,0,test
1328701389602770944,1,test
1188826205367275521,1,test
913399581387497474,0,test
825114490958180352,0,test
1313425324210757632,0,test
1411958271267774464,0,test
1136608561159532544,1,test
1413117349532741632,0,test
571414872983871488,0,test
1004421931838271488,0,test
1176167002181984258,0,test
1015231649964068864,0,test
1194963463195578368,0,test
885928402485747712,1,test
641593767569555456,0,test
880337373627916288,0,test
1415069598613970949,0,test
746930773207322624,0,test
979820790324629509,1,test
1149559031670771715,0,test
758609709633048576,1,test
1329052936073326597,1,test
983126877589078016,0,test
822917611331657729,0,test
965649695308681216,0,test
598967454082179072,0,test
904476855188824064,0,test
1279000042569904140,0,test
840211168044175361,0,test
1041733663510200320,1,test
1260233670369193985,0,test
1420474644100943876,0,test
1117768529032503296,0,test
1239688278044897280,0,test
898478895305039873,0,test
1402005033693159428,0,test
905794386046455808,0,test
1003971347695980545,0,test
1001568061160243201,0,test
1200418614538645505,0,test